{"is_source_file": false, "format": "", "description": "", "external_files": [], "external_methods": [], "published": [], "classes": [], "methods": [], "calls": [], "search-terms": [], "state": 2, "file_id": 1, "knowledge_revision": 15, "git_revision": "edd09cbe0f3ff85ade6e48aba45bf0c3ffb4a0a5", "hash": "0c404fc1c59741a50578ab292d700dd8", "format-version": 4, "code-base-name": "tic_tac_toe_frontend", "filename": "README.md", "revision_history": [{"15": "edd09cbe0f3ff85ade6e48aba45bf0c3ffb4a0a5"}]}