{"is_source_file": true, "format": "JavaScript", "description": "This file provides a utility function for determining the winner in a Tic Tac Toe game. It analyzes a 3x3 board array to identify if there is a winning line for either player.", "external_files": [], "external_methods": [], "published": ["calculateWinner"], "classes": [], "methods": [{"name": "calculateWinner(squares)", "description": "Computes the winner of the Tic Tac Toe game based on the current board state. Returns an object with the winner ('X' or 'O') and the winning line indices, or null if there is no winner yet.", "scope": "", "scopeKind": ""}], "calls": ["calculateWinner"], "search-terms": ["calculateWinner", "tic tac toe", "game outcome", "winner calculation", "3x3 board"], "state": 2, "file_id": 13, "knowledge_revision": 27, "git_revision": "", "ctags": [{"_type": "tag", "name": "calculateWinner", "path": "/home/kavia/workspace/code-generation/two-player-tic-tac-toe-317492-317501/tic_tac_toe_frontend/src/utils/calculateWinner.js", "pattern": "/^export function calculateWinner(squares) {$/", "language": "JavaScript", "kind": "function", "signature": "(squares)"}], "hash": "2ea051754e40ee11e9ccee5f397579eb", "format-version": 4, "code-base-name": "tic_tac_toe_frontend", "filename": "tic_tac_toe_frontend/src/utils/calculateWinner.js", "revision_history": [{"27": ""}]}