{"is_source_file": true, "format": "JavaScript (React JSX)", "description": "This file defines the main React component 'App' for a Tic Tac Toe game front-end. It manages game state, user interactions, and UI rendering, and imports other components and utilities.", "external_files": ["./components/Board", "./utils/calculateWinner", "./App.css"], "external_methods": ["calculateWinner"], "published": ["App"], "classes": [], "methods": [{"name": "App()", "description": "Main React component managing the game UI and state.", "scope": "", "scopeKind": ""}, {"name": "handlePlay", "description": "Handles a player's move, updating game state and checking for game over conditions."}, {"name": "handleReset", "description": "Resets the game to its initial state."}], "calls": ["React.useMemo", "React.useState", "calculateWinner", "squares.slice", "setSquares", "setXIsNext", "setMoveCount"], "search-terms": ["React Tic Tac Toe main component", "handlePlay function", "useMemo game status", "calculateWinner utility", "game state management", "Board component", "App CSS styles"], "state": 2, "file_id": 7, "knowledge_revision": 32, "git_revision": "a76516df6dde7fec16f422b80b1ddbc270182e76", "revision_history": [{"21": "a76516df6dde7fec16f422b80b1ddbc270182e76"}, {"32": "a76516df6dde7fec16f422b80b1ddbc270182e76"}], "ctags": [{"_type": "tag", "name": "App", "path": "/home/kavia/workspace/code-generation/two-player-tic-tac-toe-317492-317501/tic_tac_toe_frontend/src/App.js", "pattern": "/^function App() {$/", "language": "JavaScript", "kind": "function", "signature": "()"}, {"_type": "tag", "name": "EMPTY_BOARD", "path": "/home/kavia/workspace/code-generation/two-player-tic-tac-toe-317492-317501/tic_tac_toe_frontend/src/App.js", "pattern": "/^const EMPTY_BOARD = Array(9).fill(null);$/", "language": "JavaScript", "kind": "constant"}, {"_type": "tag", "name": "handlePlay", "path": "/home/kavia/workspace/code-generation/two-player-tic-tac-toe-317492-317501/tic_tac_toe_frontend/src/App.js", "pattern": "/^            onPlay={handlePlay}$/", "language": "JavaScript", "kind": "field", "scope": "App.onPlay", "scopeKind": "class"}, {"_type": "tag", "name": "isGameOver", "path": "/home/kavia/workspace/code-generation/two-player-tic-tac-toe-317492-317501/tic_tac_toe_frontend/src/App.js", "pattern": "/^            disabled={isGameOver}$/", "language": "JavaScript", "kind": "field", "scope": "App.disabled", "scopeKind": "class"}, {"_type": "tag", "name": "squares", "path": "/home/kavia/workspace/code-generation/two-player-tic-tac-toe-317492-317501/tic_tac_toe_frontend/src/App.js", "pattern": "/^            squares={squares}$/", "language": "JavaScript", "kind": "field", "scope": "App.squares", "scopeKind": "class"}, {"_type": "tag", "name": "ttt-status ${ winner ? \"ttt-status--success\" : isDraw ? \"ttt-status--error\" : \"\" }", "path": "/home/kavia/workspace/code-generation/two-player-tic-tac-toe-317492-317501/tic_tac_toe_frontend/src/App.js", "pattern": "/^          }`}$/", "language": "JavaScript", "kind": "field", "scope": "App.className", "scopeKind": "class"}, {"_type": "tag", "name": "winningLine", "path": "/home/kavia/workspace/code-generation/two-player-tic-tac-toe-317492-317501/tic_tac_toe_frontend/src/App.js", "pattern": "/^            winningLine={winningLine}$/", "language": "JavaScript", "kind": "field", "scope": "App.winningLine", "scopeKind": "class"}], "hash": "cd44cc02197fe5c9bf3c25fd439d9d55", "format-version": 4, "code-base-name": "tic_tac_toe_frontend", "filename": "tic_tac_toe_frontend/src/App.js", "fields": [{"name": "onPlay={handlePlay}", "scope": "App.onPlay", "scopeKind": "class", "description": "unavailable"}, {"name": "disabled={isGameOver}", "scope": "App.disabled", "scopeKind": "class", "description": "unavailable"}, {"name": "squares={squares}", "scope": "App.squares", "scopeKind": "class", "description": "unavailable"}, {"name": "}`}", "scope": "App.className", "scopeKind": "class", "description": "unavailable"}, {"name": "winningLine={winningLine}", "scope": "App.winningLine", "scopeKind": "class", "description": "unavailable"}]}