{"is_source_file": true, "format": "JavaScript (React JSX)", "description": "A React functional component that renders a 3x3 tic tac toe board, with logic for highlighting winning squares and handling user interactions.", "external_files": ["./Square"], "external_methods": [], "published": [], "classes": [], "methods": [{"name": "Board({ squares, onPlay, disabled, winningLine })", "description": "React functional component rendering the tic tac toe board based on props, including active squares, disabled state, and winning line highlighting.", "scope": "", "scopeKind": ""}], "calls": ["React", "Square"], "search-terms": ["Board", "tic tac toe", "react component", "Square", "winningLine", "props"], "state": 2, "file_id": 15, "knowledge_revision": 31, "git_revision": "", "ctags": [{"_type": "tag", "name": "Board", "path": "/home/kavia/workspace/code-generation/two-player-tic-tac-toe-317492-317501/tic_tac_toe_frontend/src/components/Board.jsx", "pattern": "/^export default function Board({ squares, onPlay, disabled, winningLine }) {$/", "language": "JavaScript", "kind": "function", "signature": "({ squares, onPlay, disabled, winningLine })"}], "hash": "fdb509a9ba5b43e6355f55684bfc541e", "format-version": 4, "code-base-name": "tic_tac_toe_frontend", "filename": "tic_tac_toe_frontend/src/components/Board.jsx", "revision_history": [{"31": ""}]}