{"is_source_file": true, "format": "JavaScript (React JSX)", "description": "A React functional component representing a single square/cell on the Tic Tac Toe board. It renders a button that displays the cell's value and handles click events, with styling for winning cells.", "external_files": ["react"], "external_methods": ["React"], "published": ["Square"], "classes": [], "methods": [{"name": "Square({ value, onClick, disabled, isWinning })", "description": "React functional component for rendering a single Tic Tac Toe board cell as a button.", "scope": "", "scopeKind": ""}], "calls": ["React"], "search-terms": ["Square", "React", "tic_tac_toe", "frontend", "component", "button", "cell"], "state": 2, "file_id": 14, "knowledge_revision": 29, "git_revision": "", "ctags": [{"_type": "tag", "name": "Square", "path": "/home/kavia/workspace/code-generation/two-player-tic-tac-toe-317492-317501/tic_tac_toe_frontend/src/components/Square.jsx", "pattern": "/^export default function Square({ value, onClick, disabled, isWinning }) {$/", "language": "JavaScript", "kind": "function", "signature": "({ value, onClick, disabled, isWinning })"}, {"_type": "tag", "name": "disabled", "path": "/home/kavia/workspace/code-generation/two-player-tic-tac-toe-317492-317501/tic_tac_toe_frontend/src/components/Square.jsx", "pattern": "/^      disabled={disabled}$/", "language": "JavaScript", "kind": "field", "scope": "Square.disabled", "scopeKind": "class"}, {"_type": "tag", "name": "onClick", "path": "/home/kavia/workspace/code-generation/two-player-tic-tac-toe-317492-317501/tic_tac_toe_frontend/src/components/Square.jsx", "pattern": "/^      onClick={onClick}$/", "language": "JavaScript", "kind": "field", "scope": "Square.onClick", "scopeKind": "class"}, {"_type": "tag", "name": "ttt-square ${isWinning ? \"ttt-square--winning\" : \"\"}", "path": "/home/kavia/workspace/code-generation/two-player-tic-tac-toe-317492-317501/tic_tac_toe_frontend/src/components/Square.jsx", "pattern": "/^      className={`ttt-square ${isWinning ? \"ttt-square--winning\" : \"\"}`}$/", "language": "JavaScript", "kind": "field", "scope": "Square.className", "scopeKind": "class"}, {"_type": "tag", "name": "value", "path": "/home/kavia/workspace/code-generation/two-player-tic-tac-toe-317492-317501/tic_tac_toe_frontend/src/components/Square.jsx", "pattern": "/^      aria-label={value ? `Square: ${value}` : \"Empty square\"}$/", "language": "JavaScript", "kind": "field", "scope": "Square.aria", "scopeKind": "class"}], "hash": "e0ae8bd0a7a027acb1c6e8f14c5887d5", "format-version": 4, "code-base-name": "tic_tac_toe_frontend", "filename": "tic_tac_toe_frontend/src/components/Square.jsx", "fields": [{"name": "disabled={disabled}", "scope": "Square.disabled", "scopeKind": "class", "description": "unavailable"}, {"name": "onClick={onClick}", "scope": "Square.onClick", "scopeKind": "class", "description": "unavailable"}, {"name": "className={`ttt-square ${isWinning ? \"ttt-square--winning\" : \"\"}`}", "scope": "Square.className", "scopeKind": "class", "description": "unavailable"}, {"name": "aria-label={value ? `Square: ${value}` : \"Empty square\"}", "scope": "Square.aria", "scopeKind": "class", "description": "unavailable"}], "revision_history": [{"29": ""}]}