{"is_source_file": false, "format": "", "description": "", "external_files": [], "external_methods": [], "published": [], "classes": [], "methods": [], "calls": [], "search-terms": [], "state": 2, "file_id": 6, "knowledge_revision": 34, "git_revision": "a76516df6dde7fec16f422b80b1ddbc270182e76", "hash": "6ad954a153d44f259f9512d9b7e8d1f6", "format-version": 4, "code-base-name": "tic_tac_toe_frontend", "filename": "tic_tac_toe_frontend/src/index.css", "revision_history": [{"34": "a76516df6dde7fec16f422b80b1ddbc270182e76"}]}