{"is_source_file": true, "format": "JavaScript", "description": "This file initializes and renders the React application by mounting the App component into the DOM element with id 'root'.", "external_files": ["./index.css", "./App"], "external_methods": ["ReactDOM.createRoot", "root.render"], "published": [], "classes": [], "methods": [{"name": "ReactDOM.createRoot", "description": "Creates a React root for rendering the React component tree."}, {"name": "root.render", "description": "Renders the React component tree into the DOM."}], "calls": ["ReactDOM.createRoot", "root.render"], "search-terms": ["React", "ReactDOM", "render", "index.js", "frontend"], "state": 2, "file_id": 8, "knowledge_revision": 25, "git_revision": "a76516df6dde7fec16f422b80b1ddbc270182e76", "ctags": [{"_type": "tag", "name": "root", "path": "/home/kavia/workspace/code-generation/two-player-tic-tac-toe-317492-317501/tic_tac_toe_frontend/src/index.js", "pattern": "/^const root = ReactDOM.createRoot(document.getElementById('root'));$/", "language": "JavaScript", "kind": "constant"}], "hash": "9fc5841375336fc175b49f8767a11383", "format-version": 4, "code-base-name": "tic_tac_toe_frontend", "filename": "tic_tac_toe_frontend/src/index.js", "revision_history": [{"25": "a76516df6dde7fec16f422b80b1ddbc270182e76"}]}