{"is_source_file": false, "format": null, "description": "", "external_files": [], "external_methods": [], "published": [], "classes": [], "methods": [], "calls": [], "search-terms": [], "state": 2, "file_id": 5, "knowledge_revision": 33, "git_revision": "a76516df6dde7fec16f422b80b1ddbc270182e76", "hash": "da5b069e07700071c5b98af7552eccb1", "format-version": 4, "code-base-name": "tic_tac_toe_frontend", "filename": "tic_tac_toe_frontend/src/App.css", "revision_history": [{"33": "a76516df6dde7fec16f422b80b1ddbc270182e76"}]}