{"is_source_file": false, "format": null, "description": null, "external_files": [], "external_methods": [], "published": [], "classes": [], "methods": [], "calls": [], "search-terms": ["manifest.json", "create react app", "icons", "start_url", "theme_color"], "state": 2, "file_id": 3, "knowledge_revision": 22, "git_revision": "a76516df6dde7fec16f422b80b1ddbc270182e76", "hash": "d9d975cebe2ec20b6c652e1e4c12ccf0", "format-version": 4, "code-base-name": "tic_tac_toe_frontend", "filename": "tic_tac_toe_frontend/public/manifest.json", "revision_history": [{"22": "a76516df6dde7fec16f422b80b1ddbc270182e76"}]}