{"is_source_file": false, "format": "", "description": "", "external_files": [], "external_methods": [], "published": [], "classes": [], "methods": [], "calls": [], "search-terms": ["index.html", "HTML template", "public/index.html", "React app container"], "state": 2, "file_id": 2, "knowledge_revision": 18, "git_revision": "a76516df6dde7fec16f422b80b1ddbc270182e76", "hash": "d2b40d02d5f7873d8a6713bad837edd4", "format-version": 4, "code-base-name": "tic_tac_toe_frontend", "filename": "tic_tac_toe_frontend/public/index.html", "revision_history": [{"18": "a76516df6dde7fec16f422b80b1ddbc270182e76"}]}